{"disc_losses": [0.00021128538355696946], "gen_losses": [0.00014999526320025325]}