{"disc_losses": [0.00017376184405293316], "gen_losses": [1.0111823939951137e-05]}