{"disc_losses": [0.00023287655494641513], "gen_losses": [-2.465878969815094e-05]}