{"disc_losses": [0.011905171908438206], "gen_losses": [0.009415513835847378]}