{"disc_losses": [7.563688268419355e-05], "gen_losses": [-2.7933065211982466e-05]}