{"disc_losses": [2.114367816830054e-05], "gen_losses": [0.00018648321565706283]}