{"disc_losses": [0.002095760079100728], "gen_losses": [0.0022092454601079226]}