{"disc_losses": [0.000324666645610705], "gen_losses": [0.0007244687294587493]}