{"disc_losses": [0.0010943450033664703], "gen_losses": [0.0008012282778508961]}