{"disc_losses": [0.0003621823852881789], "gen_losses": [0.00036064194864593446]}