{"disc_losses": [0.00022027608065400273], "gen_losses": [2.2435553546529263e-05]}