{"disc_losses": [-5.638381480821408e-05], "gen_losses": [0.00010039423068519682]}