{"disc_losses": [0.00026480003725737333], "gen_losses": [-8.387387788388878e-05]}