{"disc_losses": [2.4934161046985537e-07], "gen_losses": [-3.5676034713105764e-06]}