{"disc_losses": [0.00021699209173675627], "gen_losses": [6.961769395275041e-05]}