{"disc_losses": [4.010327756986953e-05], "gen_losses": [-5.915563815506175e-05]}