{"disc_losses": [0.0003212976735085249], "gen_losses": [0.0001906889956444502]}