{"disc_losses": [0.0004889640840701759], "gen_losses": [0.0003296632203273475]}