{"disc_losses": [2.8947113605681807e-05], "gen_losses": [0.000403607205953449]}