{"disc_losses": [7.793806435074657e-05], "gen_losses": [7.375991845037788e-05]}