{"disc_losses": [2.9256447305670008e-05], "gen_losses": [3.25121873174794e-05]}