{"disc_losses": [0.00029943836852908134], "gen_losses": [0.0002484761644154787]}