{"disc_losses": [0.00012508731742855161], "gen_losses": [0.000260396976955235]}