{"disc_losses": [0.00010046318493550643], "gen_losses": [-7.58888345444575e-05]}