{"disc_losses": [0.00019846481154672801], "gen_losses": [0.00014872067549731582]}