{"disc_losses": [0.00022601618547923863], "gen_losses": [6.522144394693896e-05]}