{"disc_losses": [0.00013496079191099852], "gen_losses": [0.00012985087232664227]}