{"disc_losses": [9.014249371830374e-05], "gen_losses": [0.00023803577641956508]}