{"disc_losses": [-0.00014363689115270972], "gen_losses": [0.0005165388574823737]}