{"disc_losses": [9.280803351430222e-05], "gen_losses": [7.49780738260597e-05]}