{"disc_losses": [0.00014148317859508097], "gen_losses": [0.00014329746773000807]}