{"disc_losses": [1.186568260891363e-05], "gen_losses": [6.393822695827112e-05]}