{"disc_losses": [0.00029675872065126896], "gen_losses": [0.00018536504649091512]}