{"disc_losses": [0.00017433048924431205], "gen_losses": [0.0002114891685778275]}