{"disc_losses": [-0.00011793593876063824], "gen_losses": [-7.068249033181928e-06]}