{"disc_losses": [7.93409562902525e-05], "gen_losses": [-0.000130810120026581]}