disc_loss,gen_loss
0.00021699209173675627,6.961769395275041e-05
