{"disc_losses": [5.574158421950415e-05], "gen_losses": [15.60119342803955]}