{"disc_losses": [0.00013910469715483487], "gen_losses": [15.249303817749023]}