{"disc_losses": [1.569634332554415e-05], "gen_losses": [11.538376808166504]}