{"disc_losses": [-0.00012351937766652554], "gen_losses": [15.904051780700684]}