{"disc_losses": [0.00034857861464843154], "gen_losses": [16.359420776367188]}