{"disc_losses": [0.0002975566603709012], "gen_losses": [9.30976390838623]}