{"disc_losses": [-1.502704617450945e-05], "gen_losses": [13.475605010986328]}