{"disc_losses": [0.00018210989946965128], "gen_losses": [10.322503089904785]}