{"disc_losses": [4.205128061585128e-05], "gen_losses": [14.87319564819336]}