{"disc_losses": [0.00019186422287020832], "gen_losses": [14.05150032043457]}