{"disc_losses": [1.6491361748194322e-05], "gen_losses": [11.478448867797852]}