{"disc_losses": [0.000554421916604042], "gen_losses": [12.676549911499023]}