{"disc_losses": [0.00037355904350988567], "gen_losses": [15.25654125213623]}