{"disc_losses": [5.997571861371398e-05], "gen_losses": [16.85342788696289]}