{"disc_losses": [-8.406996494159102e-05], "gen_losses": [13.857282638549805]}