{"disc_losses": [-0.00020984788716305047], "gen_losses": [15.442023277282715]}