{"disc_losses": [0.0007435036823153496], "gen_losses": [11.221830368041992]}