{"disc_losses": [0.00023842469090595841], "gen_losses": [12.045150756835938]}