{"disc_losses": [2.106445754179731e-05], "gen_losses": [13.610721588134766]}