{"disc_losses": [-3.690613084472716e-05], "gen_losses": [15.074108123779297]}