{"disc_losses": [0.0005770648713223636], "gen_losses": [12.875924110412598]}