{"disc_losses": [5.3209550969768316e-05], "gen_losses": [11.278464317321777]}