{"disc_losses": [0.0010968560818582773], "gen_losses": [9.503975868225098]}