{"disc_losses": [6.396140088327229e-05], "gen_losses": [13.830750465393066]}