{"disc_losses": [0.0004838109889533371], "gen_losses": [10.961796760559082]}