{"disc_losses": [0.0001384714851155877], "gen_losses": [14.47032642364502]}