{"disc_losses": [-5.09009842062369e-05], "gen_losses": [13.177254676818848]}