{"disc_losses": [0.00023667808272875845], "gen_losses": [10.30391788482666]}