{"disc_losses": [-0.00017473279149271548], "gen_losses": [16.07048797607422]}