{"disc_losses": [-0.00019239871471654624], "gen_losses": [14.984399795532227]}