{"disc_losses": [6.057929203961976e-05], "gen_losses": [15.458950996398926]}