{"disc_losses": [0.00014628746430389583], "gen_losses": [16.01907730102539]}