{"disc_losses": [9.533859702059999e-05], "gen_losses": [16.417417526245117]}