{"disc_losses": [0.00032670830842107534], "gen_losses": [10.236384391784668]}