{"disc_losses": [0.00042584878974594176], "gen_losses": [13.027548789978027]}