{"disc_losses": [0.00046272308100014925], "gen_losses": [18.087867736816406]}