{"disc_losses": [3.331969492137432e-05], "gen_losses": [11.176003456115723]}