{"disc_losses": [-0.00015879422426223755], "gen_losses": [14.196002960205078]}