{"disc_losses": [-6.760483665857464e-05], "gen_losses": [15.653717041015625]}