{"disc_losses": [0.0003184011729899794], "gen_losses": [13.56396770477295]}