{"disc_losses": [0.00016033141582738608], "gen_losses": [11.868600845336914]}