{"disc_losses": [4.222619463689625e-05], "gen_losses": [11.729559898376465]}