{"disc_losses": [0.000238921056734398], "gen_losses": [10.485776901245117]}