{"disc_losses": [0.0002957841497845948], "gen_losses": [10.204344749450684]}