{"disc_losses": [5.154223617864773e-05], "gen_losses": [13.051966667175293]}