{"disc_losses": [0.00024893536465242505], "gen_losses": [12.999922752380371]}