{"disc_losses": [0.0002978593111038208], "gen_losses": [12.20913028717041]}