{"disc_losses": [0.00017462260439060628], "gen_losses": [12.589805603027344]}