{"disc_losses": [0.0004935110919177532], "gen_losses": [13.82053279876709]}