{"disc_losses": [0.00020323270291555673], "gen_losses": [9.911226272583008]}