{"disc_losses": [0.00030551827512681484], "gen_losses": [12.096492767333984]}