{"disc_losses": [-0.0001349868980469182], "gen_losses": [15.053740501403809]}