{"disc_losses": [0.00036846863804385066], "gen_losses": [9.687896728515625]}