{"disc_losses": [0.0006377922836691141], "gen_losses": [14.260656356811523]}