{"disc_losses": [0.0005855419440194964], "gen_losses": [10.112936019897461]}