{"disc_losses": [1.1940541298827156e-05], "gen_losses": [15.239642143249512]}