{"disc_losses": [0.000685501960106194], "gen_losses": [7.874770641326904]}