{"disc_losses": [-0.00022494164295494556], "gen_losses": [11.399679183959961]}