{"disc_losses": [0.0001711332006379962], "gen_losses": [15.135239601135254]}