{"disc_losses": [0.004694097675383091], "gen_losses": [6.652225494384766]}