{"disc_losses": [0.0002660544996615499], "gen_losses": [11.8529052734375]}