{"disc_losses": [3.724910493474454e-05], "gen_losses": [18.60748291015625]}