{"disc_losses": [0.00039290054701268673], "gen_losses": [10.725981712341309]}