{"disc_losses": [-0.00024951915838755667], "gen_losses": [15.128597259521484]}