{"disc_losses": [0.00030445618904195726], "gen_losses": [14.611477851867676]}