{"disc_losses": [0.014286886900663376], "gen_losses": [11.753275871276855]}