{"disc_losses": [-0.00021395272051449865], "gen_losses": [12.898723602294922]}