{"disc_losses": [0.00013722135918214917], "gen_losses": [15.6714448928833]}