{"disc_losses": [-0.00020162758301012218], "gen_losses": [14.78752326965332]}