{"disc_losses": [0.0006463934550993145], "gen_losses": [13.125492095947266]}