{"disc_losses": [0.0002730248379521072], "gen_losses": [10.365571975708008]}