{"disc_losses": [-8.228985097957775e-05], "gen_losses": [13.195956230163574]}