{"disc_losses": [-0.00013431211118586361], "gen_losses": [13.534899711608887]}