{"disc_losses": [-0.00023661748855374753], "gen_losses": [13.866518020629883]}