{"disc_losses": [0.00015335416537709534], "gen_losses": [14.622838020324707]}