{"disc_losses": [0.00012386401067487895], "gen_losses": [13.324728965759277]}