{"disc_losses": [-0.00026348186656832695], "gen_losses": [17.336214065551758]}