{"disc_losses": [7.505236135330051e-05], "gen_losses": [11.652019500732422]}