{"disc_losses": [0.0008392617455683649], "gen_losses": [10.105181694030762]}