{"disc_losses": [0.0003042878524865955], "gen_losses": [15.91742992401123]}