{"disc_losses": [0.008255096152424812], "gen_losses": [8.856746673583984]}