{"disc_losses": [0.00022794802498538047], "gen_losses": [14.177538871765137]}