{"disc_losses": [0.00031045376090332866], "gen_losses": [12.7684965133667]}