{"disc_losses": [9.386685269419104e-05], "gen_losses": [11.267451286315918]}