{"disc_losses": [0.0006837081164121628], "gen_losses": [11.32230281829834]}