{"disc_losses": [-0.0003566523955669254], "gen_losses": [17.02317237854004]}