{"disc_losses": [-2.627125650178641e-05], "gen_losses": [10.866246223449707]}