{"disc_losses": [-8.732943388167769e-05], "gen_losses": [13.923505783081055]}