{"disc_losses": [0.0001138038860517554], "gen_losses": [13.85365104675293]}