{"disc_losses": [0.0004577459767460823], "gen_losses": [16.51706886291504]}