{"disc_losses": [0.0004701554134953767], "gen_losses": [10.708972930908203]}