{"disc_losses": [-0.0002548332267906517], "gen_losses": [16.470754623413086]}