{"disc_losses": [6.64463805151172e-05], "gen_losses": [15.658126831054688]}