{"disc_losses": [-1.9017352315131575e-05], "gen_losses": [16.415395736694336]}