{"disc_losses": [0.0003058703732676804], "gen_losses": [12.187976837158203]}