{"disc_losses": [2.6047593564726412e-05], "gen_losses": [11.462538719177246]}