{"disc_losses": [-0.00019169186998624355], "gen_losses": [12.28896427154541]}