{"disc_losses": [0.00036272365832701325], "gen_losses": [14.787276268005371]}