{"disc_losses": [0.0003326925216242671], "gen_losses": [14.17811393737793]}