{"disc_losses": [4.600714601110667e-05], "gen_losses": [17.28253936767578]}