{"disc_losses": [5.136394975124858e-05], "gen_losses": [13.303536415100098]}