{"disc_losses": [4.8416422941954806e-05], "gen_losses": [13.108945846557617]}