{"disc_losses": [0.00022829185763839632], "gen_losses": [10.998510360717773]}