{"disc_losses": [0.0021383757703006268], "gen_losses": [13.058418273925781]}