{"disc_losses": [0.0009949514642357826], "gen_losses": [8.450389862060547]}