{"disc_losses": [0.0002620591258164495], "gen_losses": [15.000680923461914]}