{"disc_losses": [5.57249404664617e-05], "gen_losses": [9.902878761291504]}