{"disc_losses": [0.00010620713874232024], "gen_losses": [13.514562606811523]}