{"disc_losses": [0.0006313234334811568], "gen_losses": [14.97491455078125]}