{"disc_losses": [0.0001305862533627078], "gen_losses": [9.834868431091309]}