{"disc_losses": [-0.00011485298455227166], "gen_losses": [11.608519554138184]}