{"disc_losses": [-9.902860620059073e-05], "gen_losses": [12.274338722229004]}