{"disc_losses": [0.0005683312192559242], "gen_losses": [12.621460914611816]}