{"disc_losses": [0.0016147122951224446], "gen_losses": [9.071571350097656]}