{"disc_losses": [9.926196071319282e-05], "gen_losses": [19.96513557434082]}