{"disc_losses": [-1.4442671272263397e-05], "gen_losses": [17.494949340820312]}