{"disc_losses": [0.0003194376768078655], "gen_losses": [10.085895538330078]}