{"disc_losses": [0.00019580338266678154], "gen_losses": [14.25452709197998]}