{"disc_losses": [-0.00018469261704012752], "gen_losses": [15.7342529296875]}