{"disc_losses": [-3.829444176517427e-05], "gen_losses": [12.949976921081543]}