{"disc_losses": [-0.00038355798460543156], "gen_losses": [15.239067077636719]}