{"disc_losses": [3.297078364994377e-06], "gen_losses": [13.322593688964844]}