{"disc_losses": [-0.0001895683817565441], "gen_losses": [11.453310012817383]}