{"disc_losses": [0.0001606515288585797], "gen_losses": [15.782112121582031]}