{"disc_losses": [0.00018153451674152166], "gen_losses": [12.546758651733398]}