{"disc_losses": [-0.0003135759907308966], "gen_losses": [14.252699851989746]}