{"disc_losses": [0.00042701081838458776], "gen_losses": [10.222610473632812]}