{"disc_losses": [0.0011075226357206702], "gen_losses": [12.537515640258789]}