{"disc_losses": [0.0002725321101024747], "gen_losses": [8.015469551086426]}