{"disc_losses": [-6.256367487367243e-05], "gen_losses": [11.027750015258789]}