{"disc_losses": [-0.00016766818589530885], "gen_losses": [13.59239387512207]}