{"disc_losses": [0.0002149740030290559], "gen_losses": [20.993072509765625]}