{"disc_losses": [9.691879677120596e-05], "gen_losses": [11.732416152954102]}