{"disc_losses": [0.0004688237386289984], "gen_losses": [11.349386215209961]}