{"disc_losses": [-8.740976045373827e-05], "gen_losses": [13.617716789245605]}