{"disc_losses": [-0.00028248384478501976], "gen_losses": [18.072317123413086]}