{"disc_losses": [0.013107468374073505], "gen_losses": [5.79815149307251]}