{"disc_losses": [0.00035564997233450413], "gen_losses": [11.778199195861816]}