{"disc_losses": [-0.00022698937391396612], "gen_losses": [17.086984634399414]}