{"disc_losses": [0.00012087834329577163], "gen_losses": [17.781442642211914]}