{"disc_losses": [-7.35506255296059e-05], "gen_losses": [13.904915809631348]}