{"disc_losses": [-6.200220377650112e-05], "gen_losses": [13.527338981628418]}