{"disc_losses": [6.0942435084143654e-05], "gen_losses": [11.90584659576416]}