{"disc_losses": [7.786847709212452e-05], "gen_losses": [11.425077438354492]}