{"disc_losses": [0.002118449192494154], "gen_losses": [7.88450813293457]}