{"disc_losses": [0.00017234815459232777], "gen_losses": [15.419862747192383]}