{"disc_losses": [0.00024498370476067066], "gen_losses": [15.248086929321289]}