{"disc_losses": [0.00028274900978431106], "gen_losses": [9.492973327636719]}