{"disc_losses": [-0.00028607944841496646], "gen_losses": [15.363432884216309]}