{"disc_losses": [0.0002047430316451937], "gen_losses": [10.27520751953125]}