{"disc_losses": [-0.0003713363839779049], "gen_losses": [12.874444961547852]}