{"disc_losses": [0.0026526120491325855], "gen_losses": [7.484039783477783]}