{"disc_losses": [4.600065221893601e-05], "gen_losses": [10.897428512573242]}