{"disc_losses": [-0.00011847211862914264], "gen_losses": [13.40036678314209]}