{"disc_losses": [-7.579346129205078e-05], "gen_losses": [10.68398666381836]}