{"disc_losses": [0.0005095117958262563], "gen_losses": [10.569857597351074]}