{"disc_losses": [0.00043368240585550666], "gen_losses": [9.370523452758789]}