{"disc_losses": [7.384904893115163e-05], "gen_losses": [13.50050163269043]}