{"disc_losses": [0.0005455163773149252], "gen_losses": [15.50855827331543]}