{"disc_losses": [-0.00046555159497074783], "gen_losses": [15.2055025100708]}