{"disc_losses": [-0.00014549570914823562], "gen_losses": [12.92558479309082]}