{"disc_losses": [0.00040479068411514163], "gen_losses": [11.408236503601074]}