{"disc_losses": [0.00013502646470442414], "gen_losses": [12.47697925567627]}