{"disc_losses": [0.0002980804711114615], "gen_losses": [15.605371475219727]}