{"disc_losses": [-7.339764124481007e-05], "gen_losses": [12.111507415771484]}