{"disc_losses": [3.1202591344481334e-05], "gen_losses": [10.459735870361328]}