{"disc_losses": [0.00036392692709341645], "gen_losses": [11.39299201965332]}