{"disc_losses": [-0.00014255772111937404], "gen_losses": [12.168265342712402]}