{"disc_losses": [-5.1092640205752105e-05], "gen_losses": [8.829639434814453]}