{"disc_losses": [-4.995776907890104e-05], "gen_losses": [15.609017372131348]}