{"disc_losses": [7.467246905434877e-05], "gen_losses": [14.914484977722168]}