{"disc_losses": [0.00033827891456894577], "gen_losses": [22.488447189331055]}