{"disc_losses": [0.00010389227099949494], "gen_losses": [11.276839256286621]}