{"disc_losses": [6.556016887770966e-05], "gen_losses": [16.27507781982422]}