{"disc_losses": [-9.96871676761657e-06], "gen_losses": [12.736828804016113]}