{"disc_losses": [0.0001282966259168461], "gen_losses": [10.305061340332031]}