{"disc_losses": [0.0001503223174950108], "gen_losses": [12.99002742767334]}