{"disc_losses": [0.00017046822176780552], "gen_losses": [15.389816284179688]}