{"disc_losses": [0.00012378755491226912], "gen_losses": [12.382368087768555]}