{"disc_losses": [0.00033791037276387215], "gen_losses": [16.420164108276367]}