{"disc_losses": [0.00011321586498524994], "gen_losses": [10.650538444519043]}