{"disc_losses": [0.00010881375055760145], "gen_losses": [10.78201961517334]}