{"disc_losses": [-0.00040616700425744057], "gen_losses": [15.833048820495605]}