{"disc_losses": [-0.00014524480502586812], "gen_losses": [12.791949272155762]}