{"disc_losses": [-0.0006069999071769416], "gen_losses": [16.370454788208008]}