{"disc_losses": [0.00025340483989566565], "gen_losses": [15.591538429260254]}