{"disc_losses": [0.0003493040567263961], "gen_losses": [13.810641288757324]}