{"disc_losses": [-0.00017739750910550356], "gen_losses": [13.064162254333496]}