{"disc_losses": [-3.994854705524631e-05], "gen_losses": [13.808975219726562]}