{"disc_losses": [-0.00023777500609867275], "gen_losses": [13.35709285736084]}