{"disc_losses": [0.0004266859614290297], "gen_losses": [15.088143348693848]}