{"disc_losses": [9.636098548071459e-05], "gen_losses": [11.89557933807373]}