{"disc_losses": [0.0003316462389193475], "gen_losses": [12.190424919128418]}