{"disc_losses": [0.009761149995028973], "gen_losses": [11.00274658203125]}