{"disc_losses": [0.00048737585893832147], "gen_losses": [11.410307884216309]}