{"disc_losses": [0.00022279984841588885], "gen_losses": [11.767993927001953]}