{"disc_losses": [0.00013765759649686515], "gen_losses": [14.4598388671875]}