{"disc_losses": [0.00855179876089096], "gen_losses": [6.418341636657715]}