{"disc_losses": [0.00023847693228162825], "gen_losses": [13.898311614990234]}