{"disc_losses": [-9.492720710113645e-05], "gen_losses": [12.289482116699219]}