{"disc_losses": [-1.5246606380969752e-05], "gen_losses": [14.468484878540039]}