{"disc_losses": [5.604226316791028e-05], "gen_losses": [18.79433822631836]}