{"disc_losses": [0.0002338920021429658], "gen_losses": [11.630881309509277]}