{"disc_losses": [0.00028748103068210185], "gen_losses": [10.243449211120605]}