{"disc_losses": [0.00014840092626400292], "gen_losses": [15.915926933288574]}