{"disc_losses": [0.00013788050273433328], "gen_losses": [16.255878448486328]}