{"disc_losses": [0.00021429505432024598], "gen_losses": [13.637615203857422]}