{"disc_losses": [-0.00010835011198651046], "gen_losses": [13.558662414550781]}