{"disc_losses": [-4.1451319702900946e-05], "gen_losses": [16.889253616333008]}