{"disc_losses": [4.501211878960021e-05], "gen_losses": [11.641573905944824]}