{"disc_losses": [0.0018222894286736846], "gen_losses": [7.737008571624756]}