{"disc_losses": [0.0003919931477867067], "gen_losses": [12.667682647705078]}