{"disc_losses": [9.703543037176132e-05], "gen_losses": [10.92732048034668]}