{"disc_losses": [0.00019833326223306358], "gen_losses": [14.579103469848633]}