{"disc_losses": [0.00013886214583180845], "gen_losses": [12.70276165008545]}