{"disc_losses": [-0.0001339598384220153], "gen_losses": [14.882725715637207]}