{"disc_losses": [0.0003549043321982026], "gen_losses": [10.448540687561035]}