{"disc_losses": [0.0002480896655470133], "gen_losses": [13.181879043579102]}