{"disc_losses": [0.0001570255699334666], "gen_losses": [10.687000274658203]}