{"disc_losses": [-0.00016560213407501578], "gen_losses": [10.378926277160645]}