{"disc_losses": [-9.69297434494365e-06], "gen_losses": [11.074687957763672]}