{"disc_losses": [0.00011074160283897072], "gen_losses": [15.010882377624512]}