{"disc_losses": [-0.00023538878303952515], "gen_losses": [13.547239303588867]}