{"disc_losses": [-9.656975453253835e-05], "gen_losses": [13.149372100830078]}