{"disc_losses": [0.00021791881590615958], "gen_losses": [14.48720932006836]}