{"disc_losses": [0.0002110394707415253], "gen_losses": [13.623262405395508]}