{"disc_losses": [-1.8756312783807516e-05], "gen_losses": [14.717933654785156]}