{"disc_losses": [0.00043311750050634146], "gen_losses": [10.90790843963623]}