{"disc_losses": [0.00010936253966065124], "gen_losses": [11.533329010009766]}