{"disc_losses": [4.3180665670661256e-05], "gen_losses": [16.964344024658203]}