{"disc_losses": [8.198354771593586e-05], "gen_losses": [17.328540802001953]}