{"disc_losses": [3.9685623050900176e-05], "gen_losses": [10.214670181274414]}