{"disc_losses": [0.00022711126075591892], "gen_losses": [13.345880508422852]}