{"disc_losses": [-0.00032418558839708567], "gen_losses": [15.214953422546387]}