{"disc_losses": [8.192413952201605e-05], "gen_losses": [12.343372344970703]}