{"disc_losses": [-0.00030240623163990676], "gen_losses": [16.91107749938965]}