{"disc_losses": [-0.0001708146883174777], "gen_losses": [15.794149398803711]}