{"disc_losses": [0.00016428147500846535], "gen_losses": [12.809651374816895]}