{"disc_losses": [8.95618177310098e-06], "gen_losses": [18.446273803710938]}