{"disc_losses": [0.00011875349446199834], "gen_losses": [12.529804229736328]}