{"disc_losses": [8.882317342795432e-05], "gen_losses": [13.669685363769531]}