{"disc_losses": [0.0007672677165828645], "gen_losses": [8.965010643005371]}