{"disc_losses": [0.0001564282865729183], "gen_losses": [11.71724796295166]}