{"disc_losses": [5.97876169194933e-05], "gen_losses": [12.32322883605957]}