{"disc_losses": [2.646089342306368e-05], "gen_losses": [12.612619400024414]}