{"disc_losses": [0.0002870968310162425], "gen_losses": [12.116964340209961]}