{"disc_losses": [-1.037330730468966e-05], "gen_losses": [13.084521293640137]}