{"disc_losses": [-5.034462810726836e-05], "gen_losses": [12.653159141540527]}