{"disc_losses": [-4.406132939038798e-05], "gen_losses": [14.015427589416504]}