{"disc_losses": [0.003673017956316471], "gen_losses": [8.656417846679688]}