{"disc_losses": [-2.6884295948548242e-05], "gen_losses": [15.600028038024902]}