{"disc_losses": [0.00036472646752372384], "gen_losses": [15.580634117126465]}