{"disc_losses": [0.0001618767564650625], "gen_losses": [12.872803688049316]}