{"disc_losses": [3.693263352033682e-06], "gen_losses": [15.541147232055664]}