{"disc_losses": [0.00031422535539604723], "gen_losses": [12.492843627929688]}