{"disc_losses": [-9.497588325757533e-05], "gen_losses": [13.862748146057129]}