{"disc_losses": [0.0008376727346330881], "gen_losses": [10.517426490783691]}