{"disc_losses": [0.00013687727914657444], "gen_losses": [19.153066635131836]}