{"disc_losses": [0.0004668464243877679], "gen_losses": [10.919629096984863]}