{"disc_losses": [0.000204629817744717], "gen_losses": [18.22454833984375]}