{"disc_losses": [0.0002188551879953593], "gen_losses": [11.138023376464844]}