{"disc_losses": [0.0005160142318345606], "gen_losses": [10.630219459533691]}