{"disc_losses": [-3.178482438670471e-05], "gen_losses": [16.143638610839844]}