{"disc_losses": [0.000418485258705914], "gen_losses": [14.919782638549805]}