{"disc_losses": [0.0007783933542668819], "gen_losses": [10.337231636047363]}