{"disc_losses": [0.0012409817427396774], "gen_losses": [20.005067825317383]}