{"disc_losses": [0.0001647722820052877], "gen_losses": [11.73917007446289]}