{"disc_losses": [8.33655649330467e-05], "gen_losses": [14.182847023010254]}