{"disc_losses": [-4.301551962271333e-05], "gen_losses": [13.513306617736816]}