{"disc_losses": [-6.190279236761853e-05], "gen_losses": [13.729743957519531]}