{"disc_losses": [0.08550482243299484], "gen_losses": [8.62281608581543]}