{"disc_losses": [-0.0003714267513714731], "gen_losses": [13.48151683807373]}