{"disc_losses": [0.005866693332791328], "gen_losses": [6.973260402679443]}