{"disc_losses": [0.0001429600379196927], "gen_losses": [14.689406394958496]}