{"disc_losses": [-4.284996975911781e-06], "gen_losses": [12.544816017150879]}