{"disc_losses": [-0.00012002504081465304], "gen_losses": [11.807624816894531]}