{"disc_losses": [0.0001123130350606516], "gen_losses": [12.437259674072266]}