{"disc_losses": [0.00037068419624119997], "gen_losses": [10.928034782409668]}