{"disc_losses": [0.00019768712809309363], "gen_losses": [13.128256797790527]}