{"disc_losses": [0.00043273522169329226], "gen_losses": [13.969939231872559]}