{"disc_losses": [2.692282578209415e-05], "gen_losses": [14.359615325927734]}