{"disc_losses": [0.000270916149020195], "gen_losses": [22.262178421020508]}