{"disc_losses": [0.00036863319110125303], "gen_losses": [17.45755386352539]}