{"disc_losses": [0.0003985548100899905], "gen_losses": [13.01816463470459]}