{"disc_losses": [-0.00018983962945640087], "gen_losses": [14.786909103393555]}