{"disc_losses": [7.672206993447617e-05], "gen_losses": [15.782943725585938]}