{"disc_losses": [7.527451816713437e-05], "gen_losses": [11.799033164978027]}