{"disc_losses": [0.0004292308003641665], "gen_losses": [11.686714172363281]}