{"disc_losses": [-0.0003238492936361581], "gen_losses": [14.424543380737305]}