{"disc_losses": [-5.5787346354918554e-05], "gen_losses": [13.960887908935547]}