{"disc_losses": [8.974353841040283e-05], "gen_losses": [19.48339080810547]}