{"disc_losses": [-0.00013428920647129416], "gen_losses": [13.481134414672852]}