{"disc_losses": [-0.00010873422434087843], "gen_losses": [13.713890075683594]}