{"disc_losses": [-0.0002376467309659347], "gen_losses": [15.092301368713379]}