{"disc_losses": [0.00013585426495410502], "gen_losses": [15.961512565612793]}