{"disc_losses": [0.00019408806110732257], "gen_losses": [12.25074291229248]}