{"disc_losses": [0.013444649055600166], "gen_losses": [9.438017845153809]}