{"disc_losses": [0.0011476955842226744], "gen_losses": [10.026155471801758]}