{"disc_losses": [0.03287201374769211], "gen_losses": [4.392670631408691]}