{"disc_losses": [0.00024104256590362638], "gen_losses": [11.115728378295898]}