{"disc_losses": [-2.465825127728749e-05], "gen_losses": [13.805510520935059]}