{"disc_losses": [0.00016748036432545632], "gen_losses": [12.366727828979492]}