{"disc_losses": [0.0004283459857106209], "gen_losses": [15.021499633789062]}