{"disc_losses": [0.0002081456477753818], "gen_losses": [14.074843406677246]}