{"disc_losses": [0.0003279659722466022], "gen_losses": [11.452906608581543]}