{"disc_losses": [0.00026312662521377206], "gen_losses": [11.646346092224121]}