{"disc_losses": [-0.0005036474321968853], "gen_losses": [13.04849910736084]}