{"disc_losses": [0.00035711360396817327], "gen_losses": [13.060348510742188]}