{"disc_losses": [8.636067650513723e-05], "gen_losses": [12.549177169799805]}