{"disc_losses": [1.2845646779169329e-05], "gen_losses": [12.57359504699707]}