{"disc_losses": [0.0023613478988409042], "gen_losses": [13.343768119812012]}