{"disc_losses": [-0.00022682914277538657], "gen_losses": [12.262189865112305]}