{"disc_losses": [0.00017440671217627823], "gen_losses": [12.704907417297363]}