{"disc_losses": [0.00022495917801279575], "gen_losses": [12.594189643859863]}