{"disc_losses": [0.0002745136443991214], "gen_losses": [14.450430870056152]}