{"disc_losses": [0.00027127977227792144], "gen_losses": [11.228416442871094]}