{"disc_losses": [0.00011319605982862413], "gen_losses": [17.99671173095703]}