{"disc_losses": [0.00040383919258601964], "gen_losses": [13.93718433380127]}