{"disc_losses": [0.00028217307408340275], "gen_losses": [12.933300971984863]}