{"disc_losses": [0.0004112626484129578], "gen_losses": [13.292768478393555]}