{"disc_losses": [-0.00029535198700614274], "gen_losses": [12.014657020568848]}