{"disc_losses": [-0.00042055235826410353], "gen_losses": [12.902881622314453]}