{"disc_losses": [-4.582151450449601e-05], "gen_losses": [10.917938232421875]}