{"disc_losses": [0.0007212824421003461], "gen_losses": [10.084906578063965]}