{"disc_losses": [0.0006870167562738061], "gen_losses": [10.570425987243652]}