{"disc_losses": [0.00017356003809254616], "gen_losses": [15.241013526916504]}