{"disc_losses": [0.002810910576954484], "gen_losses": [9.550776481628418]}