{"disc_losses": [0.00026537623489275575], "gen_losses": [14.316290855407715]}