{"disc_losses": [0.011670151725411415], "gen_losses": [8.766703605651855]}