{"disc_losses": [-0.0003856507537420839], "gen_losses": [13.307971954345703]}