{"disc_losses": [3.764146822504699e-05], "gen_losses": [12.581938743591309]}