{"disc_losses": [6.435252726078033e-05], "gen_losses": [14.606649398803711]}