{"disc_losses": [0.000129378167912364], "gen_losses": [12.8049898147583]}