{"disc_losses": [0.002574342768639326], "gen_losses": [9.546220779418945]}