{"disc_losses": [-0.00013699739065486938], "gen_losses": [14.272167205810547]}