{"disc_losses": [0.00019712798530235887], "gen_losses": [15.637650489807129]}