{"disc_losses": [3.811895294347778e-05], "gen_losses": [16.863550186157227]}