{"disc_losses": [7.378534064628184e-05], "gen_losses": [13.214067459106445]}