{"disc_losses": [0.0004399299796205014], "gen_losses": [16.667957305908203]}