{"disc_losses": [0.0001110055745812133], "gen_losses": [14.936051368713379]}