{"disc_losses": [0.00013885958469472826], "gen_losses": [15.366634368896484]}