{"disc_losses": [-0.00014342711074277759], "gen_losses": [10.4784517288208]}