{"disc_losses": [0.00026781970518641174], "gen_losses": [12.984033584594727]}