{"disc_losses": [0.00010143904364667833], "gen_losses": [14.080906867980957]}