{"disc_losses": [0.0009913762332871556], "gen_losses": [9.517024993896484]}