{"disc_losses": [0.002130705863237381], "gen_losses": [9.290983200073242]}