{"disc_losses": [-6.261334056034684e-05], "gen_losses": [14.014549255371094]}