{"disc_losses": [-0.00017027721332851797], "gen_losses": [18.55158805847168]}