{"disc_losses": [3.285139246145263e-05], "gen_losses": [13.525131225585938]}