{"disc_losses": [0.005088362842798233], "gen_losses": [5.997431755065918]}