{"disc_losses": [0.000820729648694396], "gen_losses": [6.889984130859375]}