{"disc_losses": [-6.531843973789364e-05], "gen_losses": [11.262479782104492]}