{"disc_losses": [4.868251835432602e-06], "gen_losses": [14.006796836853027]}