{"disc_losses": [-8.713628631085157e-05], "gen_losses": [14.46364974975586]}