{"disc_losses": [-0.00015376583905890584], "gen_losses": [12.561626434326172]}