{"disc_losses": [0.00024040274729486555], "gen_losses": [16.055879592895508]}