{"disc_losses": [0.0003726505965460092], "gen_losses": [13.508652687072754]}