{"disc_losses": [-5.306625826051459e-05], "gen_losses": [12.456221580505371]}