{"disc_losses": [-0.0004323295725043863], "gen_losses": [13.922613143920898]}