{"disc_losses": [-2.3789973056409508e-05], "gen_losses": [15.165701866149902]}