{"disc_losses": [0.0008987250039353967], "gen_losses": [8.954364776611328]}