{"disc_losses": [0.000297357706585899], "gen_losses": [11.974555969238281]}