{"disc_losses": [0.00010244337317999452], "gen_losses": [12.214922904968262]}