{"disc_losses": [0.00010041004861705005], "gen_losses": [15.819276809692383]}