{"disc_losses": [0.0008297312306240201], "gen_losses": [11.740660667419434]}