{"disc_losses": [0.0007144148112274706], "gen_losses": [8.815934181213379]}