{"disc_losses": [0.00017172876687254757], "gen_losses": [12.245946884155273]}