{"disc_losses": [0.00020343883079476655], "gen_losses": [13.01138687133789]}