{"disc_losses": [1.8162669221055694e-05], "gen_losses": [15.358864784240723]}