{"disc_losses": [1.9489902115310542e-05], "gen_losses": [14.736889839172363]}