{"disc_losses": [8.658593287691474e-05], "gen_losses": [13.255462646484375]}