{"disc_losses": [0.00034342752769589424], "gen_losses": [18.997055053710938]}