{"disc_losses": [0.00011775267194025218], "gen_losses": [15.590240478515625]}