{"disc_losses": [-0.0001591818145243451], "gen_losses": [14.47486400604248]}