{"disc_losses": [0.0001325477787759155], "gen_losses": [12.792885780334473]}