{"disc_losses": [7.029254629742354e-05], "gen_losses": [14.52547836303711]}