{"disc_losses": [-0.0004478061746340245], "gen_losses": [12.024147987365723]}