{"disc_losses": [6.807759200455621e-05], "gen_losses": [17.353105545043945]}