{"disc_losses": [-0.00036021697451360524], "gen_losses": [16.12839126586914]}