{"disc_losses": [0.004453441593796015], "gen_losses": [8.797420501708984]}