{"disc_losses": [0.0001833702699514106], "gen_losses": [9.421326637268066]}