{"disc_losses": [0.002437480492517352], "gen_losses": [10.272001266479492]}