{"disc_losses": [0.00016494817100465298], "gen_losses": [14.774846076965332]}