{"disc_losses": [0.0006338786333799362], "gen_losses": [9.655829429626465]}