{"disc_losses": [6.269555888138711e-05], "gen_losses": [15.016247749328613]}