{"disc_losses": [-2.299453626619652e-05], "gen_losses": [17.09375]}