{"disc_losses": [-7.723509770585224e-05], "gen_losses": [21.086257934570312]}