{"disc_losses": [0.00022185829584486783], "gen_losses": [12.417994499206543]}