{"disc_losses": [0.000250670884270221], "gen_losses": [8.964218139648438]}