{"disc_losses": [0.001717151841148734], "gen_losses": [8.58719253540039]}