{"disc_losses": [0.0005885203718207777], "gen_losses": [15.081880569458008]}