{"disc_losses": [0.00018136634025722742], "gen_losses": [11.349888801574707]}