{"disc_losses": [-0.00011813954915851355], "gen_losses": [11.441761016845703]}