{"disc_losses": [0.00019393883121665567], "gen_losses": [11.621889114379883]}