{"disc_losses": [-0.00015199252811726183], "gen_losses": [21.34730339050293]}