{"disc_losses": [0.00029417668702080846], "gen_losses": [11.628927230834961]}