{"disc_losses": [0.00010555185872362927], "gen_losses": [12.880271911621094]}