{"disc_losses": [-8.623559551779181e-05], "gen_losses": [15.860727310180664]}