{"disc_losses": [2.24805098696379e-05], "gen_losses": [12.59726619720459]}