{"disc_losses": [0.0004557094653137028], "gen_losses": [11.664149284362793]}