{"disc_losses": [0.0006427975604310632], "gen_losses": [9.740314483642578]}