{"disc_losses": [0.00023961218539625406], "gen_losses": [13.641301155090332]}