{"disc_losses": [0.00010318003478460014], "gen_losses": [17.268232345581055]}