{"disc_losses": [2.527874858060386e-05], "gen_losses": [14.551338195800781]}