{"disc_losses": [0.00028766371542587876], "gen_losses": [13.127832412719727]}