{"disc_losses": [0.00043613588786683977], "gen_losses": [10.707788467407227]}