{"disc_losses": [-5.612263976217946e-06], "gen_losses": [14.923657417297363]}