{"disc_losses": [0.0003817267424892634], "gen_losses": [15.26098918914795]}