{"disc_losses": [0.0003536751901265234], "gen_losses": [11.609798431396484]}