{"disc_losses": [-0.00026086095022037625], "gen_losses": [15.442983627319336]}