{"disc_losses": [0.0003537320008035749], "gen_losses": [11.478763580322266]}