{"disc_losses": [-0.0003644964599516243], "gen_losses": [14.292198181152344]}