{"disc_losses": [0.0007857340388000011], "gen_losses": [13.682881355285645]}