{"disc_losses": [-1.1474436178104952e-05], "gen_losses": [13.807339668273926]}