{"disc_losses": [4.490974606596865e-05], "gen_losses": [14.264594078063965]}