{"disc_losses": [1.957454514922574e-05], "gen_losses": [18.981281280517578]}