{"disc_losses": [-0.00011224264744669199], "gen_losses": [12.2748441696167]}