{"disc_losses": [0.0004985107807442546], "gen_losses": [15.026093482971191]}