{"disc_losses": [0.0002442097757011652], "gen_losses": [16.474397659301758]}