{"disc_losses": [0.000928377325180918], "gen_losses": [9.846095085144043]}