{"disc_losses": [0.00023327917733695358], "gen_losses": [9.339333534240723]}