{"disc_losses": [-0.00015107306535355747], "gen_losses": [13.443168640136719]}