{"disc_losses": [0.0005725282826460898], "gen_losses": [11.359489440917969]}