{"disc_losses": [0.00026409822748973966], "gen_losses": [19.190921783447266]}