{"disc_losses": [-0.0001262507139472291], "gen_losses": [19.73423957824707]}