{"disc_losses": [0.00072007771814242], "gen_losses": [10.44991683959961]}