{"disc_losses": [-0.00022827643260825425], "gen_losses": [11.101263046264648]}