{"disc_losses": [0.00022408340009860694], "gen_losses": [14.819528579711914]}