{"disc_losses": [-0.00027213498833589256], "gen_losses": [16.965574264526367]}