{"disc_losses": [-0.00018663384253159165], "gen_losses": [14.235189437866211]}