{"disc_losses": [0.0002372489107074216], "gen_losses": [10.072294235229492]}