{"disc_losses": [0.00021306566486600786], "gen_losses": [13.470804214477539]}