{"disc_losses": [9.166429663309827e-05], "gen_losses": [14.1578950881958]}