{"disc_losses": [0.00015241045912262052], "gen_losses": [14.607029914855957]}