{"disc_losses": [0.0002810508303809911], "gen_losses": [13.73294734954834]}