{"disc_losses": [-0.0003613853477872908], "gen_losses": [12.843240737915039]}