{"disc_losses": [-7.710437785135582e-05], "gen_losses": [13.054176330566406]}