{"disc_losses": [-0.0002297128812642768], "gen_losses": [13.741523742675781]}