{"disc_losses": [0.00023201956355478615], "gen_losses": [14.55329418182373]}