{"disc_losses": [0.00022597337374463677], "gen_losses": [10.958627700805664]}