{"disc_losses": [0.0015108478255569935], "gen_losses": [8.63038158416748]}