{"disc_losses": [0.00010660351108526811], "gen_losses": [10.895641326904297]}