{"disc_losses": [0.00026721012545749545], "gen_losses": [9.802875518798828]}