{"disc_losses": [0.00015329969755839556], "gen_losses": [15.299127578735352]}