{"disc_losses": [0.0002822602109517902], "gen_losses": [13.720746040344238]}