{"disc_losses": [0.001216515782289207], "gen_losses": [9.292640686035156]}