{"disc_losses": [7.299682329175994e-05], "gen_losses": [15.04195785522461]}