{"disc_losses": [7.432082202285528e-05], "gen_losses": [13.962382316589355]}