{"disc_losses": [0.0005872388137504458], "gen_losses": [10.78801155090332]}