{"disc_losses": [-6.92331523168832e-05], "gen_losses": [15.656726837158203]}