{"disc_losses": [0.0002895837533287704], "gen_losses": [17.63865852355957]}