{"disc_losses": [5.2366995078045875e-06], "gen_losses": [13.724654197692871]}