{"disc_losses": [0.00040050034294836223], "gen_losses": [11.838255882263184]}