{"disc_losses": [3.8061105442466214e-05], "gen_losses": [13.449560165405273]}