{"disc_losses": [-2.514849984436296e-05], "gen_losses": [13.706069946289062]}