{"disc_losses": [-5.214946213527583e-06], "gen_losses": [12.253129005432129]}