{"disc_losses": [4.738056304631755e-06], "gen_losses": [11.961394309997559]}