{"disc_losses": [-0.00017263207701034844], "gen_losses": [14.970037460327148]}