{"disc_losses": [0.002509234705939889], "gen_losses": [7.333425521850586]}