{"disc_losses": [0.00028724930598400533], "gen_losses": [12.36885929107666]}