{"disc_losses": [0.0001996147766476497], "gen_losses": [10.174077987670898]}