{"disc_losses": [0.000145815298310481], "gen_losses": [15.410656929016113]}