{"disc_losses": [0.0012629542034119368], "gen_losses": [8.476757049560547]}