{"disc_losses": [0.001202986459247768], "gen_losses": [6.25537109375]}