{"disc_losses": [-4.032555443700403e-05], "gen_losses": [22.029993057250977]}