{"disc_losses": [-0.00017147943435702473], "gen_losses": [12.803383827209473]}