{"disc_losses": [-2.691785994102247e-05], "gen_losses": [16.225204467773438]}