{"disc_losses": [0.09393586218357086], "gen_losses": [7.542207717895508]}