{"disc_losses": [0.00037646564305759966], "gen_losses": [13.166924476623535]}