{"disc_losses": [0.00041243346640840173], "gen_losses": [14.33172607421875]}