{"disc_losses": [-0.00012500450247898698], "gen_losses": [14.22998046875]}