{"disc_losses": [0.0039175814017653465], "gen_losses": [5.332472801208496]}