{"disc_losses": [0.00017823113012127578], "gen_losses": [15.976970672607422]}