{"disc_losses": [4.692110087489709e-05], "gen_losses": [13.372782707214355]}