{"disc_losses": [-0.00013517055776901543], "gen_losses": [10.375510215759277]}