{"disc_losses": [2.5888839445542544e-05], "gen_losses": [15.144245147705078]}