{"disc_losses": [-0.00010090332943946123], "gen_losses": [15.045512199401855]}