{"disc_losses": [0.00015974079724401236], "gen_losses": [16.26991844177246]}