{"disc_losses": [0.00036428426392376423], "gen_losses": [20.94116973876953]}