{"disc_losses": [-0.0001461642241338268], "gen_losses": [14.08078384399414]}