{"disc_losses": [0.00012586612137965858], "gen_losses": [15.249896049499512]}