{"disc_losses": [4.828138480661437e-05], "gen_losses": [13.619978904724121]}