{"disc_losses": [0.0002425362472422421], "gen_losses": [12.722158432006836]}