{"disc_losses": [4.91762621095404e-05], "gen_losses": [11.426220893859863]}