{"disc_losses": [0.00016951625002548099], "gen_losses": [16.21720314025879]}