{"disc_losses": [-0.0002207932120654732], "gen_losses": [12.081097602844238]}