{"disc_losses": [0.00010241509153274819], "gen_losses": [10.262755393981934]}