{"disc_losses": [-0.00023654202232137322], "gen_losses": [14.394317626953125]}