{"disc_losses": [-0.00035026154364459217], "gen_losses": [10.804678916931152]}