{"disc_losses": [0.00013020599726587534], "gen_losses": [16.81177520751953]}