{"disc_losses": [0.00022134228493086994], "gen_losses": [13.509356498718262]}