{"disc_losses": [0.00048580477596260607], "gen_losses": [14.72212028503418]}