{"disc_losses": [2.2616435671807267e-05], "gen_losses": [12.05705738067627]}