{"disc_losses": [0.000494651379995048], "gen_losses": [9.749754905700684]}