{"disc_losses": [0.0005889301537536085], "gen_losses": [12.657246589660645]}