{"disc_losses": [0.00010132536408491433], "gen_losses": [14.891387939453125]}