{"disc_losses": [0.0004549249424599111], "gen_losses": [11.973843574523926]}