{"disc_losses": [-0.0004259250999893993], "gen_losses": [18.505687713623047]}