{"disc_losses": [-0.00011837871716124937], "gen_losses": [16.337833404541016]}