disc_loss,gen_loss
0.0003726505965460092,13.508652687072754
