Method,KL Divergence,MSE,Runtime (s)
MCMC,0.3976150936278076,3.383107260394729e-09,58.809481143951416
VI,1.3869751736100084,3.4634746920722594e-08,0.8772509098052979
