{"disc_losses": [0.0048331464640796185], "gen_losses": [11.011120796203613]}