{"disc_losses": [0.0006709505687467754], "gen_losses": [12.3026123046875]}