{"disc_losses": [0.0001747029018588364], "gen_losses": [13.624835968017578]}