{"disc_losses": [0.0006771900807507336], "gen_losses": [12.556594848632812]}