{"disc_losses": [0.0005240233149379492], "gen_losses": [9.49181842803955]}