{"disc_losses": [1.1231604730710387e-06], "gen_losses": [11.35520076751709]}