{"disc_losses": [0.11131058633327484], "gen_losses": [20.35407257080078]}