{"disc_losses": [0.001240745885297656], "gen_losses": [11.054020881652832]}