{"disc_losses": [0.00013538252096623182], "gen_losses": [11.894991874694824]}