{"disc_losses": [0.00103345129173249], "gen_losses": [12.575309753417969]}