{"disc_losses": [0.004568437114357948], "gen_losses": [10.11612606048584]}