{"disc_losses": [0.0017827580450102687], "gen_losses": [10.089083671569824]}