{"disc_losses": [0.0002883246634155512], "gen_losses": [13.206233978271484]}