{"disc_losses": [0.0018614442087709904], "gen_losses": [8.71865177154541]}