{"disc_losses": [0.0002779299102257937], "gen_losses": [11.71125602722168]}