{"disc_losses": [0.0007968498975969851], "gen_losses": [11.221439361572266]}