{"disc_losses": [0.27213314175605774], "gen_losses": [10.06181812286377]}