{"disc_losses": [0.0005035038338974118], "gen_losses": [10.56584358215332]}