{"disc_losses": [-1.376221189275384e-05], "gen_losses": [14.153379440307617]}