{"disc_losses": [0.0005228683585301042], "gen_losses": [10.482253074645996]}