{"disc_losses": [0.00088029500329867], "gen_losses": [12.32667064666748]}