{"disc_losses": [0.008504485711455345], "gen_losses": [7.3957977294921875]}