{"disc_losses": [0.00010840022878255695], "gen_losses": [11.266273498535156]}