{"disc_losses": [0.00033191422699019313], "gen_losses": [11.95855712890625]}