{"disc_losses": [-4.4923508539795876e-05], "gen_losses": [12.753260612487793]}