{"disc_losses": [0.00028996641049161553], "gen_losses": [12.602693557739258]}