{"disc_losses": [0.0010745740728452802], "gen_losses": [10.363099098205566]}