{"disc_losses": [0.0006543605122715235], "gen_losses": [9.675131797790527]}