{"disc_losses": [0.00029082439141348004], "gen_losses": [12.755834579467773]}