{"disc_losses": [0.08859775215387344], "gen_losses": [4.8404951095581055]}