{"disc_losses": [0.0012147299712523818], "gen_losses": [8.46323013305664]}