{"disc_losses": [0.00022740820713806897], "gen_losses": [12.6019868850708]}