{"disc_losses": [0.00484584691002965], "gen_losses": [7.934354782104492]}