{"disc_losses": [0.0009385900339111686], "gen_losses": [10.270915985107422]}