{"disc_losses": [0.0003407761105336249], "gen_losses": [10.592134475708008]}