{"disc_losses": [0.0022839088924229145], "gen_losses": [8.535846710205078]}