{"disc_losses": [-0.000108324020402506], "gen_losses": [12.99966812133789]}