{"disc_losses": [0.00010703496809583157], "gen_losses": [12.025542259216309]}