{"disc_losses": [0.00024360136012546718], "gen_losses": [14.225520133972168]}