{"disc_losses": [0.002734540496021509], "gen_losses": [8.785316467285156]}