{"disc_losses": [0.07881420105695724], "gen_losses": [12.24763011932373]}