{"disc_losses": [0.0011613385286182165], "gen_losses": [9.506019592285156]}