{"disc_losses": [0.0003809648333117366], "gen_losses": [13.823989868164062]}