{"disc_losses": [0.0013845926150679588], "gen_losses": [12.690288543701172]}