{"disc_losses": [0.0027346815913915634], "gen_losses": [9.587088584899902]}