{"disc_losses": [0.0003051442909054458], "gen_losses": [11.419168472290039]}