{"disc_losses": [0.0015027940971776843], "gen_losses": [9.472967147827148]}