{"disc_losses": [0.0007991261081770062], "gen_losses": [9.373867988586426]}