{"disc_losses": [0.00042764528188854456], "gen_losses": [11.035335540771484]}