{"disc_losses": [0.0013557578204199672], "gen_losses": [10.082740783691406]}