{"disc_losses": [0.019829871132969856], "gen_losses": [9.289998054504395]}