{"disc_losses": [0.00274923094548285], "gen_losses": [12.230293273925781]}