{"disc_losses": [0.0016770068323239684], "gen_losses": [14.09489917755127]}