disc_loss,gen_loss
-4.4923508539795876e-05,12.753260612487793
