{"disc_losses": [-8.607777999714017e-06], "gen_losses": [11.770040512084961]}