{"disc_losses": [4.859171895077452e-05], "gen_losses": [12.455697059631348]}