{"disc_losses": [0.00018949189689010382], "gen_losses": [17.71938705444336]}