{"disc_losses": [0.00308945938013494], "gen_losses": [9.906890869140625]}