{"disc_losses": [9.919950389303267e-05], "gen_losses": [11.54624080657959]}