{"disc_losses": [0.0035658390261232853], "gen_losses": [6.393876075744629]}