{"disc_losses": [0.00023736272123642266], "gen_losses": [11.973787307739258]}