{"disc_losses": [-0.0001016831083688885], "gen_losses": [16.61166763305664]}