{"disc_losses": [0.0005182698951102793], "gen_losses": [8.89743709564209]}