{"disc_losses": [0.0002472350315656513], "gen_losses": [10.521299362182617]}