{"disc_losses": [0.0009211433352902532], "gen_losses": [10.091935157775879]}