{"disc_losses": [8.680382597958669e-05], "gen_losses": [12.446481704711914]}