{"disc_losses": [3.6308243579696864e-05], "gen_losses": [13.922748565673828]}