{"disc_losses": [0.00017305825895164162], "gen_losses": [15.36052417755127]}