{"disc_losses": [2.2007254301570356e-05], "gen_losses": [11.691573143005371]}