{"disc_losses": [-0.00012547032383736223], "gen_losses": [12.965261459350586]}