{"disc_losses": [-0.00021854879742022604], "gen_losses": [10.794075965881348]}