{"disc_losses": [-5.2707364375237375e-05], "gen_losses": [10.345856666564941]}