{"disc_losses": [0.00025771360378712416], "gen_losses": [10.735113143920898]}