{"disc_losses": [-3.202113657607697e-05], "gen_losses": [15.496136665344238]}