{"disc_losses": [4.550111771095544e-05], "gen_losses": [12.68954849243164]}