{"disc_losses": [0.00028160083456896245], "gen_losses": [16.27943229675293]}