{"disc_losses": [0.0008739207405596972], "gen_losses": [11.161739349365234]}