{"disc_losses": [1.447770046070218e-07], "gen_losses": [14.771880149841309]}