{"disc_losses": [0.00011015182826668024], "gen_losses": [11.546548843383789]}