{"disc_losses": [0.0006399786216206849], "gen_losses": [13.118707656860352]}