{"disc_losses": [0.0009559725876897573], "gen_losses": [15.220199584960938]}