{"disc_losses": [-1.2133827112847939e-05], "gen_losses": [11.313300132751465]}