{"disc_losses": [0.00015680014621466398], "gen_losses": [11.805339813232422]}