{"disc_losses": [0.0006493765977211297], "gen_losses": [9.916569709777832]}