{"disc_losses": [-0.00010634551290422678], "gen_losses": [11.102744102478027]}