{"disc_losses": [4.277697007637471e-05], "gen_losses": [11.987569808959961]}