{"disc_losses": [0.00022468574752565473], "gen_losses": [11.284369468688965]}