{"disc_losses": [0.000225134746870026], "gen_losses": [9.313714981079102]}