{"disc_losses": [0.0010159318335354328], "gen_losses": [10.38587760925293]}