{"disc_losses": [0.0002839664521161467], "gen_losses": [11.545235633850098]}