{"disc_losses": [0.0002926387533079833], "gen_losses": [11.59212589263916]}