{"disc_losses": [0.003635826287791133], "gen_losses": [9.292133331298828]}