{"disc_losses": [1.1636229753494263], "gen_losses": [10.809991836547852]}