{"disc_losses": [0.0006995376315899193], "gen_losses": [8.202559471130371]}