{"disc_losses": [0.012634246610105038], "gen_losses": [8.013087272644043]}