{"disc_losses": [-0.0005236594006419182], "gen_losses": [12.115399360656738]}