{"disc_losses": [-4.2838808440137655e-05], "gen_losses": [15.726973533630371]}