{"disc_losses": [0.0002303571964148432], "gen_losses": [12.385573387145996]}