{"disc_losses": [0.00017820349603425711], "gen_losses": [10.364452362060547]}