{"disc_losses": [0.0027279111091047525], "gen_losses": [10.127300262451172]}