{"disc_losses": [-0.00022977760818321258], "gen_losses": [13.025712013244629]}