{"disc_losses": [0.00041034852620214224], "gen_losses": [9.166708946228027]}