{"disc_losses": [0.0002963911974802613], "gen_losses": [11.273091316223145]}