{"disc_losses": [-0.00015337653167080134], "gen_losses": [11.431488037109375]}