{"disc_losses": [0.00046739319805055857], "gen_losses": [12.10555362701416]}