{"disc_losses": [0.0005541933351196349], "gen_losses": [8.610838890075684]}