{"disc_losses": [9.014180250233039e-05], "gen_losses": [11.134113311767578]}