{"disc_losses": [0.002336980076506734], "gen_losses": [6.972469329833984]}