{"disc_losses": [-1.3492790458258241e-06], "gen_losses": [10.936071395874023]}