{"disc_losses": [0.0003648836282081902], "gen_losses": [12.110184669494629]}