{"disc_losses": [-2.170595689676702e-05], "gen_losses": [10.623419761657715]}