{"disc_losses": [8.562981383875012e-05], "gen_losses": [13.980799674987793]}