{"disc_losses": [0.00013229870819486678], "gen_losses": [12.26684284210205]}