{"disc_losses": [6.637444312218577e-05], "gen_losses": [12.086305618286133]}