{"disc_losses": [8.204857294913381e-05], "gen_losses": [12.885459899902344]}