{"disc_losses": [5.330170097295195e-05], "gen_losses": [13.241722106933594]}