{"disc_losses": [-0.00022254980285651982], "gen_losses": [16.35248374938965]}