{"disc_losses": [0.0003571789129637182], "gen_losses": [9.68382453918457]}