{"disc_losses": [0.00016251641500275582], "gen_losses": [16.127561569213867]}