{"disc_losses": [-0.00024780607782304287], "gen_losses": [12.932336807250977]}