{"disc_losses": [0.006718374323099852], "gen_losses": [10.430599212646484]}