{"disc_losses": [0.0009496760903857648], "gen_losses": [7.974573612213135]}