{"disc_losses": [0.0003202215884812176], "gen_losses": [8.747530937194824]}