{"disc_losses": [-5.369824793888256e-05], "gen_losses": [10.008179664611816]}