{"disc_losses": [0.00012201139907119796], "gen_losses": [13.040098190307617]}