{"disc_losses": [0.0002538410772103816], "gen_losses": [8.888970375061035]}