{"disc_losses": [0.00012951187090948224], "gen_losses": [11.02492904663086]}