{"disc_losses": [0.001741674030199647], "gen_losses": [9.23587703704834]}