{"disc_losses": [-0.00018625883967615664], "gen_losses": [12.647727966308594]}