{"disc_losses": [-7.293660019058734e-06], "gen_losses": [11.867796897888184]}