{"disc_losses": [0.007237111683934927], "gen_losses": [9.48653793334961]}