{"disc_losses": [-0.0002118331758538261], "gen_losses": [14.505317687988281]}