{"disc_losses": [-0.00024375134671572596], "gen_losses": [11.865117073059082]}