{"disc_losses": [0.034158505499362946], "gen_losses": [11.7555513381958]}