{"disc_losses": [0.0001449194096494466], "gen_losses": [10.424485206604004]}