{"disc_losses": [0.0020049645099788904], "gen_losses": [9.230727195739746]}