{"disc_losses": [0.0002619671868160367], "gen_losses": [14.650461196899414]}