{"disc_losses": [0.0021504159085452557], "gen_losses": [9.711433410644531]}