{"disc_losses": [0.0003766161680687219], "gen_losses": [11.982065200805664]}