{"disc_losses": [-0.00038613186916336417], "gen_losses": [15.023383140563965]}