{"disc_losses": [-0.000128278523334302], "gen_losses": [12.254364967346191]}