{"disc_losses": [-0.00020846501865889877], "gen_losses": [11.990015029907227]}