{"disc_losses": [0.0002196714049205184], "gen_losses": [11.328741073608398]}