{"disc_losses": [0.00026048970175907016], "gen_losses": [11.507476806640625]}