{"disc_losses": [5.690507896360941e-05], "gen_losses": [12.740509033203125]}