{"disc_losses": [0.00293493433855474], "gen_losses": [9.58360481262207]}