{"disc_losses": [0.000465479854028672], "gen_losses": [11.063590049743652]}