{"disc_losses": [0.0001385990617563948], "gen_losses": [11.657092094421387]}