{"disc_losses": [0.001300269621424377], "gen_losses": [7.709722995758057]}