{"disc_losses": [-8.655941928736866e-05], "gen_losses": [11.153682708740234]}