{"disc_losses": [0.0002723788202274591], "gen_losses": [10.932384490966797]}