{"disc_losses": [0.000394154223613441], "gen_losses": [11.554603576660156]}