{"disc_losses": [0.0017226727213710546], "gen_losses": [8.642709732055664]}