{"disc_losses": [-4.959952275385149e-05], "gen_losses": [11.846735954284668]}