{"disc_losses": [-0.00013339018914848566], "gen_losses": [11.764257431030273]}