{"disc_losses": [0.02209295518696308], "gen_losses": [12.64193344116211]}