{"disc_losses": [-6.911755190230906e-05], "gen_losses": [11.816322326660156]}