{"disc_losses": [-9.443632734473795e-06], "gen_losses": [10.752524375915527]}