{"disc_losses": [1.885521851363592e-05], "gen_losses": [15.283134460449219]}