{"disc_losses": [0.00044060370419174433], "gen_losses": [9.878400802612305]}