{"disc_losses": [0.00018803731654770672], "gen_losses": [10.56973648071289]}