{"disc_losses": [0.0001667166652623564], "gen_losses": [13.79549503326416]}