{"disc_losses": [0.0004703383892774582], "gen_losses": [7.595468044281006]}