{"disc_losses": [-2.27372620429378e-05], "gen_losses": [11.959939956665039]}