{"disc_losses": [0.0005009582382626832], "gen_losses": [9.623795509338379]}