{"disc_losses": [0.00015986667131073773], "gen_losses": [10.759163856506348]}