{"disc_losses": [-7.071577783790417e-06], "gen_losses": [11.291131019592285]}