{"disc_losses": [0.009750972501933575], "gen_losses": [6.823087215423584]}