{"disc_losses": [-1.6520090866833925e-05], "gen_losses": [9.755749702453613]}