{"disc_losses": [-0.00018630942213349044], "gen_losses": [11.998591423034668]}