{"disc_losses": [0.0003090108511969447], "gen_losses": [13.634149551391602]}