{"disc_losses": [0.00016363110626116395], "gen_losses": [11.991687774658203]}