{"disc_losses": [-9.466060146223754e-05], "gen_losses": [11.632003784179688]}