{"disc_losses": [0.00013254143414087594], "gen_losses": [9.288935661315918]}