{"disc_losses": [0.0005868150619789958], "gen_losses": [10.501962661743164]}