{"disc_losses": [0.00010206607112195343], "gen_losses": [15.143745422363281]}