{"disc_losses": [-0.00012003428128082305], "gen_losses": [10.930323600769043]}