{"disc_losses": [0.06670653074979782], "gen_losses": [8.686840057373047]}