{"disc_losses": [0.0006080382154323161], "gen_losses": [8.403297424316406]}