{"disc_losses": [1.773773692548275e-05], "gen_losses": [10.655667304992676]}