{"disc_losses": [0.00043539574835449457], "gen_losses": [10.097707748413086]}