{"disc_losses": [0.00043176868348382413], "gen_losses": [12.04915714263916]}