{"disc_losses": [-1.9988685380667448e-05], "gen_losses": [9.406915664672852]}