{"disc_losses": [-0.00014581451250705868], "gen_losses": [16.707304000854492]}