{"disc_losses": [-5.382031304179691e-05], "gen_losses": [11.343818664550781]}