{"disc_losses": [0.0007348034996539354], "gen_losses": [11.952672958374023]}