{"disc_losses": [-0.00012608255201485008], "gen_losses": [12.250341415405273]}