{"disc_losses": [-0.00010711347567848861], "gen_losses": [11.621603965759277]}