{"disc_losses": [0.003553294576704502], "gen_losses": [7.567453861236572]}