{"disc_losses": [0.0006849851924926043], "gen_losses": [9.810003280639648]}