{"disc_losses": [0.0007754389080218971], "gen_losses": [8.434070587158203]}