{"disc_losses": [2.822666101565119e-05], "gen_losses": [12.39199161529541]}