{"disc_losses": [0.0007749686483293772], "gen_losses": [10.22962474822998]}