{"disc_losses": [0.0005383999086916447], "gen_losses": [9.724881172180176]}