{"disc_losses": [-0.0001488060224801302], "gen_losses": [12.549031257629395]}