{"disc_losses": [-0.00020740230684168637], "gen_losses": [12.215967178344727]}