{"disc_losses": [-0.00017531870980747044], "gen_losses": [14.800094604492188]}