{"disc_losses": [-7.609183376189321e-05], "gen_losses": [12.615324020385742]}