{"disc_losses": [0.0006712031317874789], "gen_losses": [14.58144474029541]}