{"disc_losses": [0.00030373939080163836], "gen_losses": [12.880550384521484]}