{"disc_losses": [0.00015592502313666046], "gen_losses": [7.6308064460754395]}