{"disc_losses": [0.0006836916436441243], "gen_losses": [8.049430847167969]}