{"disc_losses": [0.0003013709210790694], "gen_losses": [10.22314167022705]}