{"disc_losses": [0.0008007633732631803], "gen_losses": [8.327645301818848]}