{"disc_losses": [0.00011867287685163319], "gen_losses": [11.190147399902344]}