{"disc_losses": [-2.7869318728335202e-05], "gen_losses": [12.980860710144043]}