{"disc_losses": [0.0001584650599397719], "gen_losses": [10.095808029174805]}