{"disc_losses": [4.884780355496332e-05], "gen_losses": [12.945035934448242]}