{"disc_losses": [0.00029498105868697166], "gen_losses": [9.980558395385742]}