{"disc_losses": [0.00016843306366354227], "gen_losses": [13.327397346496582]}