{"disc_losses": [0.0024632553104311228], "gen_losses": [8.816102027893066]}