{"disc_losses": [0.0013790808152407408], "gen_losses": [8.147428512573242]}