{"disc_losses": [0.00028881028993055224], "gen_losses": [11.356463432312012]}