{"disc_losses": [0.00034326326567679644], "gen_losses": [10.74494457244873]}