{"disc_losses": [0.00019891504780389369], "gen_losses": [10.182144165039062]}