{"disc_losses": [0.00018698432540986687], "gen_losses": [11.027111053466797]}