{"disc_losses": [0.00022566381085198373], "gen_losses": [12.757708549499512]}