{"disc_losses": [-6.122403283370659e-05], "gen_losses": [13.135791778564453]}