{"disc_losses": [0.0005132636288180947], "gen_losses": [13.602598190307617]}