{"disc_losses": [0.0001853990543168038], "gen_losses": [15.71933650970459]}