{"disc_losses": [0.011204342357814312], "gen_losses": [5.405367851257324]}