{"disc_losses": [0.0009108425583690405], "gen_losses": [9.036966323852539]}