{"disc_losses": [0.022978002205491066], "gen_losses": [8.684686660766602]}