{"disc_losses": [-5.34535211045295e-05], "gen_losses": [9.503429412841797]}