{"disc_losses": [-3.4412340028211474e-05], "gen_losses": [11.373108863830566]}