{"disc_losses": [0.0033496133983135223], "gen_losses": [9.336079597473145]}