{"disc_losses": [-0.0002299266925547272], "gen_losses": [10.95434856414795]}