{"disc_losses": [0.00015004922170192003], "gen_losses": [12.146068572998047]}