{"disc_losses": [-0.00032942325924523175], "gen_losses": [13.570870399475098]}