{"disc_losses": [0.0005541208083741367], "gen_losses": [11.15187931060791]}