{"disc_losses": [0.0007119603687897325], "gen_losses": [9.290236473083496]}