{"disc_losses": [5.3747087804367766e-05], "gen_losses": [13.491703987121582]}