{"disc_losses": [7.543603715021163e-05], "gen_losses": [12.537979125976562]}