{"disc_losses": [0.00019146176055073738], "gen_losses": [12.548521041870117]}