{"disc_losses": [-1.8957034626509994e-05], "gen_losses": [15.935319900512695]}