{"disc_losses": [0.0005651863757520914], "gen_losses": [8.027188301086426]}