{"disc_losses": [0.0002835601626429707], "gen_losses": [12.339452743530273]}