{"disc_losses": [-1.8919527065008879e-06], "gen_losses": [10.711715698242188]}