{"disc_losses": [0.0006862251320853829], "gen_losses": [8.7227783203125]}