{"disc_losses": [-0.00023102817067410797], "gen_losses": [12.553817749023438]}