{"disc_losses": [0.00031423807376995683], "gen_losses": [11.457706451416016]}