{"disc_losses": [0.00042071344796568155], "gen_losses": [11.60214614868164]}