{"disc_losses": [0.00043434349936433136], "gen_losses": [10.214384078979492]}