{"disc_losses": [7.470203854609281e-05], "gen_losses": [10.264864921569824]}