{"disc_losses": [-0.00035135395592078567], "gen_losses": [10.952301979064941]}