{"disc_losses": [-0.0001264290331164375], "gen_losses": [11.197646141052246]}