{"disc_losses": [0.00014238382573239505], "gen_losses": [8.234519004821777]}