{"disc_losses": [-0.00023559527471661568], "gen_losses": [10.929773330688477]}