{"disc_losses": [-0.00014424312394112349], "gen_losses": [14.58094596862793]}