{"disc_losses": [0.00033333912142552435], "gen_losses": [14.24610424041748]}