{"disc_losses": [9.455858526052907e-05], "gen_losses": [12.776673316955566]}