{"disc_losses": [6.37513367109932e-05], "gen_losses": [11.0825834274292]}