{"disc_losses": [-0.00020316701557021588], "gen_losses": [13.122920036315918]}