{"disc_losses": [0.0002580836007837206], "gen_losses": [10.8922700881958]}