{"disc_losses": [3.7446461647050455e-06], "gen_losses": [11.410527229309082]}