{"disc_losses": [-0.00027262675575912], "gen_losses": [11.70616626739502]}