{"disc_losses": [0.0003802325518336147], "gen_losses": [12.775882720947266]}