{"disc_losses": [0.0005064501892775297], "gen_losses": [10.72303581237793]}