{"disc_losses": [0.0007234893855638802], "gen_losses": [8.552030563354492]}