{"disc_losses": [0.0004602733824867755], "gen_losses": [12.262372016906738]}