{"disc_losses": [-0.0002526015159673989], "gen_losses": [14.614852905273438]}