{"disc_losses": [-0.00035880215000361204], "gen_losses": [9.822975158691406]}