{"disc_losses": [0.001409445540048182], "gen_losses": [7.387340545654297]}