{"disc_losses": [3.318981180200353e-05], "gen_losses": [10.993368148803711]}