{"disc_losses": [0.0010722042061388493], "gen_losses": [10.631559371948242]}