{"disc_losses": [0.00014217228454072028], "gen_losses": [14.543678283691406]}