{"disc_losses": [0.00048139935825020075], "gen_losses": [13.302905082702637]}