{"disc_losses": [0.0002116592659149319], "gen_losses": [14.113690376281738]}