{"disc_losses": [-5.865485582035035e-05], "gen_losses": [15.369430541992188]}