{"disc_losses": [0.00018711570010054857], "gen_losses": [12.064043045043945]}