{"disc_losses": [0.0030786360148340464], "gen_losses": [11.454700469970703]}