{"disc_losses": [0.00010710128117352724], "gen_losses": [12.566020011901855]}