{"disc_losses": [0.0002495792869012803], "gen_losses": [11.963178634643555]}