{"disc_losses": [0.000306457543047145], "gen_losses": [15.084856033325195]}