{"disc_losses": [-0.0001547918509459123], "gen_losses": [12.5974760055542]}