{"disc_losses": [0.00017330861010123044], "gen_losses": [11.601546287536621]}