{"disc_losses": [0.00035500022931955755], "gen_losses": [11.593467712402344]}