{"disc_losses": [0.0002665711217559874], "gen_losses": [9.518197059631348]}