{"disc_losses": [3.641242437879555e-05], "gen_losses": [13.018167495727539]}