{"disc_losses": [0.00020006981503684074], "gen_losses": [11.462796211242676]}