{"disc_losses": [0.0007479634368792176], "gen_losses": [11.861490249633789]}