{"disc_losses": [0.0007583755068480968], "gen_losses": [12.294631004333496]}