{"disc_losses": [0.00011833925964310765], "gen_losses": [11.99038314819336]}