{"disc_losses": [0.0012108652153983712], "gen_losses": [9.260116577148438]}