{"disc_losses": [3.824745363090187e-05], "gen_losses": [14.277883529663086]}