{"disc_losses": [-0.0003061769239138812], "gen_losses": [11.489084243774414]}