{"disc_losses": [5.311779386829585e-05], "gen_losses": [13.422734260559082]}