{"disc_losses": [0.00039856781950220466], "gen_losses": [11.876535415649414]}