{"disc_losses": [0.031108137220144272], "gen_losses": [7.20906400680542]}