{"disc_losses": [-0.0001128333096858114], "gen_losses": [9.388496398925781]}