{"disc_losses": [9.177916217595339e-05], "gen_losses": [8.746570587158203]}