{"disc_losses": [0.0007772075477987528], "gen_losses": [8.582829475402832]}