{"disc_losses": [0.0016481545753777027], "gen_losses": [10.748475074768066]}