{"disc_losses": [0.0001676723622949794], "gen_losses": [12.602907180786133]}