{"disc_losses": [0.0058132498525083065], "gen_losses": [11.866728782653809]}