{"disc_losses": [-0.00023591054196003824], "gen_losses": [14.287952423095703]}