{"disc_losses": [1.0789517546072602e-06], "gen_losses": [14.14297103881836]}