{"disc_losses": [0.0013608415611088276], "gen_losses": [10.231447219848633]}