{"disc_losses": [0.00010325103357899934], "gen_losses": [11.252285957336426]}