{"disc_losses": [0.00014439244114328176], "gen_losses": [11.208233833312988]}