{"disc_losses": [0.00035459359060041606], "gen_losses": [11.138051986694336]}