{"disc_losses": [9.372954082209617e-05], "gen_losses": [9.254453659057617]}