{"disc_losses": [9.955062705557793e-05], "gen_losses": [9.28018569946289]}