{"disc_losses": [0.0010140488157048821], "gen_losses": [10.840875625610352]}