{"disc_losses": [2.1023763110861182e-05], "gen_losses": [12.13154125213623]}