{"disc_losses": [0.00025919676409102976], "gen_losses": [14.46408748626709]}