{"disc_losses": [0.0006206644466146827], "gen_losses": [10.39877700805664]}