{"disc_losses": [0.0001384906645398587], "gen_losses": [12.770544052124023]}