{"disc_losses": [7.848339737392962e-05], "gen_losses": [14.072851181030273]}