{"disc_losses": [1.0554882464930415e-05], "gen_losses": [11.84399127960205]}