{"disc_losses": [0.0001414056750945747], "gen_losses": [11.487297058105469]}