{"disc_losses": [-1.3285796740092337e-05], "gen_losses": [11.751180648803711]}