{"disc_losses": [0.0002503550495021045], "gen_losses": [12.58436393737793]}