{"disc_losses": [0.00016832197434268892], "gen_losses": [12.302773475646973]}