{"disc_losses": [-0.00017566652968525887], "gen_losses": [10.490425109863281]}