{"disc_losses": [0.0001047433033818379], "gen_losses": [10.997344017028809]}