{"disc_losses": [0.00010424711217638105], "gen_losses": [12.39922046661377]}