{"disc_losses": [-6.86256680637598e-06], "gen_losses": [14.925156593322754]}