{"disc_losses": [-6.433046655729413e-05], "gen_losses": [11.469015121459961]}