{"disc_losses": [0.00011370776337571442], "gen_losses": [12.168730735778809]}