{"disc_losses": [0.00026884907856583595], "gen_losses": [10.862919807434082]}