{"disc_losses": [0.023588236421346664], "gen_losses": [10.484968185424805]}