{"disc_losses": [0.0001511815789854154], "gen_losses": [10.134796142578125]}