{"disc_losses": [0.0002049502363661304], "gen_losses": [12.616340637207031]}