{"disc_losses": [5.074647560832091e-05], "gen_losses": [13.87288761138916]}