{"disc_losses": [3.647243283921853e-05], "gen_losses": [15.938720703125]}