{"disc_losses": [0.00014736122102476656], "gen_losses": [10.577661514282227]}