{"disc_losses": [0.00039372744504362345], "gen_losses": [12.725883483886719]}