{"disc_losses": [0.00023439168580807745], "gen_losses": [14.566131591796875]}