{"disc_losses": [0.0005804576212540269], "gen_losses": [9.899225234985352]}