{"disc_losses": [0.00010048901458503678], "gen_losses": [10.824005126953125]}