{"disc_losses": [0.00011640681623248383], "gen_losses": [14.790854454040527]}