{"disc_losses": [0.020726965740323067], "gen_losses": [5.260021209716797]}