{"disc_losses": [-6.218327325768769e-05], "gen_losses": [12.475624084472656]}