{"disc_losses": [0.00010097608173964545], "gen_losses": [12.545501708984375]}