{"disc_losses": [6.57748241792433e-05], "gen_losses": [10.191750526428223]}