{"disc_losses": [0.00019805890042334795], "gen_losses": [11.483583450317383]}