{"disc_losses": [-0.00010316279076505452], "gen_losses": [11.068716049194336]}