{"disc_losses": [6.664748070761561e-05], "gen_losses": [20.07415771484375]}