{"disc_losses": [-0.00011303747305646539], "gen_losses": [10.651215553283691]}