{"disc_losses": [0.0014010444283485413], "gen_losses": [9.65965747833252]}