{"disc_losses": [0.0001288270577788353], "gen_losses": [10.713845252990723]}