{"disc_losses": [0.005523980129510164], "gen_losses": [18.651914596557617]}