{"disc_losses": [0.00025285716401413083], "gen_losses": [12.405717849731445]}