{"disc_losses": [-0.0001761928288033232], "gen_losses": [11.917593002319336]}