{"disc_losses": [0.0003282180696260184], "gen_losses": [11.127153396606445]}