{"disc_losses": [7.564025145256892e-05], "gen_losses": [11.82361888885498]}