{"disc_losses": [-0.00046793671208433807], "gen_losses": [11.71173095703125]}