{"disc_losses": [8.339186024386436e-05], "gen_losses": [25.2670841217041]}