{"disc_losses": [0.00020571748609654605], "gen_losses": [13.590421676635742]}