{"disc_losses": [0.0003777458332479], "gen_losses": [11.697067260742188]}