{"disc_losses": [8.145300671458244e-05], "gen_losses": [12.928675651550293]}