{"disc_losses": [0.0003059942973777652], "gen_losses": [11.769623756408691]}