{"disc_losses": [-6.983816274441779e-05], "gen_losses": [13.09826374053955]}