{"disc_losses": [0.0003294508205726743], "gen_losses": [11.812975883483887]}