{"disc_losses": [6.340631080092862e-05], "gen_losses": [12.867563247680664]}