{"disc_losses": [0.010845759883522987], "gen_losses": [8.777397155761719]}