{"disc_losses": [0.00025690975598990917], "gen_losses": [13.607930183410645]}