disc_loss,gen_loss
-0.0001761928288033232,11.917593002319336
