{"disc_losses": [0.0006860700086690485], "gen_losses": [11.72783374786377]}