{"disc_losses": [0.006037580315023661], "gen_losses": [8.022229194641113]}