{"disc_losses": [0.004369988571852446], "gen_losses": [8.485185623168945]}