{"disc_losses": [0.0035389461554586887], "gen_losses": [7.7542195320129395]}