disc_loss,gen_loss
0.007237111683934927,9.48653793334961
