{"disc_losses": [0.006963280960917473], "gen_losses": [7.377438545227051]}