{"disc_losses": [0.5031408667564392], "gen_losses": [6.389379978179932]}