{"disc_losses": [0.019561974331736565], "gen_losses": [5.936380386352539]}