{"disc_losses": [0.014947345480322838], "gen_losses": [6.432998180389404]}