disc_loss,gen_loss
0.08859775215387344,4.8404951095581055
0.5031408667564392,6.389379978179932
0.014947345480322838,6.432998180389404
0.019561974331736565,5.936380386352539
0.020726965740323067,5.260021209716797
0.031108137220144272,7.20906400680542
0.06670653074979782,8.686840057373047
0.006963280960917473,7.377438545227051
