disc_loss,gen_loss
0.006963280960917473,7.377438545227051
